title,price,rating,reviews
PlayStation PS5 Console – God of War Ragnarök Bundle,$559.00,4.8 out of 5 stars,"5,375 ratings"
PlayStation 5 Console CFI-1215A01X,$499.99,4.8 out of 5 stars,"1,561 ratings"
PlayStation 5 Digital Edition (Renewed),$39.99,3.6 out of 5 stars,5 ratings
PlayStation 5 Pulse 3D Wireless Headset,$98.98,4.7 out of 5 stars,"18,682 ratings"
PlayStation 5 Digital Edition,$39.99,4.9 out of 5 stars,"7,191 ratings"
PlayStation 5 Console CFI-1102A,$38.99,4.9 out of 5 stars,"7,134 ratings"
PlayStation 5 Digital Edition - CFI-1102B,$39.99,4.9 out of 5 stars,637 ratings
PlayStation DualSense Wireless Controller - Starlight Blue - PlayStation 5,$73.80,4.8 out of 5 stars,"70,152 ratings"
PlayStation 5 Digital Edition,$399.00,4.8 out of 5 stars,365 ratings
"WD_BLACK 2TB SN850 NVMe Internal Gaming SSD Solid State Drive with Heatsink - Works with Playstation 5, Gen4 PCIe, M.2 2280, Up to 7,000 MB/s - WDS200T1XHE",$319.99,4.8 out of 5 stars,"12,466 ratings"
PlayStation 4 Slim 500GB Console [Discontinued] (Renewed),$478.99,4.5 out of 5 stars,"1,250 ratings"
PlayStation 4 Slim 1TB Console - Black (Renewed),$289.00,4.5 out of 5 stars,"1,212 ratings"
Sony PlayStation 2 Console - Black (Renewed),$224.95,4.3 out of 5 stars,"1,104 ratings"
Sony PlayStation 4 Slim Limited Edition 1TB Gaming Console,$287.99,4.3 out of 5 stars,"1,027 ratings"
PlayStation 2 Slim Console PS2 (Renewed),$199.00,4.2 out of 5 stars,946 ratings
Nintendo Wii Console (Black) - (Renewed),$123.99,4.2 out of 5 stars,635 ratings
"Playstation SONY 4, 500GB Slim System [CUH-2215AB01], Black, 3003347 (Renewed)",$319.99,4.7 out of 5 stars,328 ratings
Playstation 2 Console - Black (Renewed),$206.58,4.2 out of 5 stars,311 ratings
System of Souls - PlayStation 5,$29.99,Previous page,
"Case Club 4K Gaming Station to Fit PlayStation 5. Comes with Built-in 24"" 4K Monitor, Cooling Fans, & Speakers. Fits PS5 (Disc or Digital), Controllers, & Games, (PS5 NOT Included)",$999.95,4.1 out of 5 stars,128 ratings
BCB Controllers Custom Modded Wireless Controllers Compatible with PS5 Controller | Works with Playstation 5 Console | Proudly Customized in USA with Permanent HYDRO-DIP Printing (NOT JUST A SKIN),$189.99,4.4 out of 5 stars,169 ratings
PS5 Digital Edition – God of War Ragnarök Bundle,$459.00,4.8 out of 5 stars,587 ratings
WWE 2K23 - PlayStation 5,$69.99,Previous page,
$100 PlayStation Store Gift Card [Digital Code],$100.00,4.7 out of 5 stars,"254,357 ratings"
